搜索词,搜索次数,搜索结果
手机防盗,46,0
root,6,0
root权限,5,0
怎样获得最高权限,3,0
飞信,3,0
去电震动,3,0
qq电脑管家安卓版,3,0
微信,3,0
pad,3,0
任务管理,2,0
获取权限,2,0
安卓市场,2,0
多米音乐,2,0
QQ手机手机管家,2,0
手机保护,2,0
去电接通振动,2,0
来电秀,2,0
360手机卫士,2,0
4329.com,2,0
QQ手机管家,2,10
手机卫士,2,0
系统软件病毒,2,0
QQ管家,2,2
去电震铃,2,0
qq手机管家不能一键优化,1,0
获取root,1,0
手机杀毒,1,0
获取root权限,1,0
RooT,1,0
如何手机防盗,1,0
LG手机游戏下载,1,0
军刺,1,0
手机root,1,0
手机截屏,1,0
youtube,1,0
ip拨号,1,0
怎么关闭手机管家,1,0
手机管家会加速升级,1,0
手机qq手机管家下载,1,0
手机殺毒,1,0
roo,1,0
手机快播,1,0
下载不了软件,1,0
怎么获取root权限,1,0
锁定,1,0
手机root怎么下载,1,0
QQ手机管家这样关闭,1,0
手机管家意外关闭,1,0
手机防盗root,1,0
7,1,0
权限监控,1,1
如何授予手机管家Root权限,1,0
病毒库无法更新,1,0
为什么用手机qq管家网络总是断开,1,0
九宫,1,0
qq管家,1,0
58团购,1,0
金山卫土,1,0
手机防盗Root,1,0
路上导航,1,0
限权,1,0
xT882,1,0
手怎么恢复联系人,1,0
最高权限,1,0
启动器,1,0
qq 手机,1,0
如何获取root权限,1,0
root權限,1,0
上传的电话号码,1,0
手机管家会加速升级不,1,0
91,1,0
退出,1,0
平板电脑软件,1,0
第三方软件获取root权限,1,0
电池医生,1,0
手机怎么关了,1,0
主屏幕,1,0
进程意外停止什么意思?,1,0
查杀,1,1
锁,1,0
qq手机管家,1,0
qq密保,1,0
微信下载,1,0
QQ手机管家流量设置,1,0
v880电话感应,1,0
飞利浦hq7340,1,0
隐私保护,1,0
检查病毒库更新联道3G卡需设置什么网络?,1,0
限权监督,1,0
qq农场外挂,1,0
监听,1,0
手机防盗密码设置,1,0
qq手机管家怎样获得root权限,1,0
我误卸载了qq管家，还想找回里面的私人短信,1,0
QQ管家运行流量,1,0
toop权限,1,0
怎么获得roop权限,1,0
拨号器,1,0
电话监听,1,0
如何推出后台运行,1,0
手机感染live.a病毒，,1,0
不能退出,1,0
怎样开启root权限,1,0
检查病毒库更新怎么更新?,1,0
归属地风格怎么设置,1,0
手机管家,1,12
权限管理,1,0
ROOT限权,1,0
我的手机是什么型号,1,0
QQ应用那里找,1,0
QQ管家自身运行流量,1,0
360卫士,1,0
手机安全管家,1,0
 怎麽退出QQ管家,1,0
手机防盗I,1,0
怎么关闭qq手机管家,1,0
使用qq管家会产生流量吗,1,0
病毒库为什么不能更新,1,0
手机视频播放器,1,0
去电,1,0
QQ手机卫士,1,0
91手机助手,1,0
qq邮箱格式,1,0
手机防盗 ,1,0
病毒库不能更新怎么办,1,0
快播,1,0
电池,1,0
如何卸载,1,0
手机天气,1,0
手机Root,1,0
360,1,0
授权,1,0
QQ手机管家会一直开启吗,1,0
怎样卸载手机管家,1,0
加速qq升级么,1,0
为什么我的手机管家窗口上不显示流量进度？,1,0
省电管理,1,2
看不了桌面,1,0
qq,1,0
如何获得roto权限,1,0
程序锁,1,0
手机qq安装,1,0
手机最高权限,1,0
权限,1,2
白名单,1,0
安卓系统最新手机管家版本新增功能？,1,0
悬浮显示器,1,0
安卓最新版刷机,1,0
省电,1,0
手机软件,1,0
怎样授予手机管家权限,1,0
安装包,1,1
qq管家不能一键优化,1,0
脢脰禄煤路脌碌脕,1,0
ROOT权限,1,1
防窃听,1,2
未获最高权限,1,0
Root,1,0
搜狗,1,0
手机权限,1,0
手机GPRS总是自动关闭,1,0
手机网络自动关闭,1,0
手机监听,1,0
QQ手机精灵,1,0
网络错误,1,0
怎样获取ROOT限权？,1,0
